"Harper County","1"
"Harvey County","10"
"Haskell County","16"
"Jackson County","4"
"Jefferson County","13"
"Jewell County","4"
"Johnson County","611"
"Kearny County","30"
"Kiowa County","2"
"Labette County","22"
"Leavenworth County","939"
"Linn County","6"
"Lyon County","334"
"Marion County","7"
"McPherson County","26"
"Meade County","22"
"Miami County","6"
"Mitchell County","3"
"Montgomery County","21"
"Morris County","3"
"Morton County","4"
"Nemaha County","1"
"Neosho County","2"
"Norton County","2"
"Osage County","6"
"Osborne County","2"
"Ottawa County","4"
"Phillips County","1"
"Pottawatomie County","21"
"Pratt County","1"
"Reno County","52"
"Republic County","4"
"Rice County","3"
"Riley County","58"
"Rooks County","7"
"Saline County","25"
"Scott County","4"
"Sedgwick County","451"
"Seward County","693"
"Shawnee County","165"
"Sheridan County","2"
