"County","Case Count"
"Anderson County","1"
"Atchison County","14"
"Barber County","1"
"Barton County","22"
"Bourbon County","6"
"Brown County","1"
"Butler County","18"
"Chase County","3"
"Chautauqua County","4"
"Cherokee County","8"
"Cheyenne County","2"
"Clark County","19"
"Clay County","4"
"Cloud County","4"
"Coffey County","50"
"Cowley County","3"
"Crawford County","6"
"Dickinson County","2"
"Doniphan County","8"
"Douglas County","57"
"Edwards County","4"
"Ellis County","9"
"Ellsworth County","2"
"Finney County","905"
"Ford County","1135"
"Franklin County","26"
"Geary County","16"
"Gove County","1"
"Grant County","11"
"Gray County","8"
"Greenwood County","3"
"Hamilton County","9"
